INSERT INTO `image` (`Id`, `Path`)
VALUES (9, '013478666c235dc3c753cac328064755f726bc50a47f2eb196e28e99c4db46ba.png'),
       (2, '2d6abcfc70ee46d065e6bb3c7625cadca656ef64b2522b62b4c2a0570e491a3a.png'),
       (4, '37173ad0fcd72c3484ca11f0ea5b6c7afafc0ceb78eb51e8e2f4e9055040885c.png'),
       (14, '444be7295b6ba848c8b22c18497a7bfff7aa1c92fa8e5daf5042a01a695f24da.png'),
       (10, '4d06c9e221e5b2aef40fb99d39ee18ea71850330d94b75c642b3a7a75e353352.jpg'),
       (11, '50ec630d5bce130bfd675a3d7ad9e1612764b8caf154022d5c31dc564b6f6b95.jpeg'),
       (1, '5179473859eba3fb478be06b0b0bec7299db5f159227fd2a1483a66c1723a165.png'),
       (7, '6eda8c3776875faa689558422b0e594862acfabe2d4ec5f517608ea95d59bc89.jpg'),
       (13, '831a744d1da765f458453e43edbb87a818a66239c2c62f5868875ff935374714.png'),
       (16, '99289e3d018a5dc86963a12b31dd6efd4176358ba1070b19ebe8b3fceacd3789.png'),
       (3, 'bb99142ef764633d20a7f254b15e830b37c36cb5ccf8e7b53bbaa45db31ada1c.png'),
       (12, 'bca305ef0b4b3b068f47784c1ccc5987723864a96fb2c03622ca15ca225d84ff.gif'),
       (15, 'be78db1422ab5c72ade6fcb3e5d6aa31c63ab0d12dd1f0df8d182b833fce2414.png'),
       (6, 'c67b27076b32759821181ad2f5b1e1c00159cb2ceeac3e1ec847c2c52463042f.jpg'),
       (5, 'f0b7130e6c3e05f01e171158794e0522fa1b344614adc0540e254e99bcfa18b1.jpg'),
       (8, 'fb975165fb3f7398586608d070bac1cc42c895ce4864e088228366325c156334.jpg');

INSERT INTO `post` (`Id`, `Title`, `Text`, `PublicationDataTime`)
VALUES (1, 'Что такое Git и зачем он нужен?',
        'Git - это консольная утилита, для отслеживания и ведения истории изменения файлов, в вашем проекте. Чаще всего его используют для кода, но можно и для других файлов. Например, для картинок - полезно для дизайнеров.',
        '2022-09-10 14:12:50'),
       (2, 'Сегодня день буквы \"A\"!',
        'AAAAAAAAAAAAAAAAAAAAAAAAAAAAAAAAAAAAAAAAAAAAAAAAAAAAAAAAAAAAAAAAAAAAAAAAAAAAAAAAAAAAAAAAAAAAAAAAAAAAAAAAAAAAAAAAAAAAAAAAAAAAAAAAAAAAAAAAAAAAAAAAAAAAAAAAAAAAAAAAAAAAAAAAAAAAAAAAAAAAAAAAAAAAAAAAAAAAAAAAAAAAAAAAAAAAAAAAAAAAAAAAAAAAAAAAAAAAAAAAAAAAAAAAAAAAAAAAAAAAAAAAAAAAAAAAAAAAAAAAAAAAAAAAAAAAAAAAAAAAAAAAAAAAAAAAAAAAAAAAAAAAAAAAAAAAAAAAAAAAAAAAAAAAAAAAAAAAAAAAAAAAAAAAAAAAAAAAAAAAAAAAAAAAAAAAAAAAAAAAAAAAAAAAAAAAAAAAAAAAAAAAAAAAAAAAAAAAAAAAAAAAAAAAAAAAAAAAAAAAAAAAAAAAAAAAAAAAAAAAAAAAAAAAAAAAAAAAAAAAAAAAAAAAAAAAAAAAAAAAAAAAAAAAAAAAAAAAAAAAAAAAAAAAAAAAAAAAAAAAAAAAAAAAAAAAAAAAAAAAAAAAAAAAAAAAAAAAAAAAAAAAAAAAAAAAAAAAAAAAAAAAAAAAAAAAAAAAAAAAAAAAAAAAAAAAAAAAAAAAAAAAAAAAAAAAAAAAAAAAAAAAAAAAAAAAAAAAAAAAAAAAAAAAAAAAAAAAAAAAAAAAAAAAAAAAAAAAAAAAAAAAAAAAAAAAAAAAAAAAAAAAAAAAAAAAAAAAAAAAAAAAAAAAAAAAAAAAAAAAAAAAAAAAAAAAAAAAAAAAAAAAAAAAAAAAAAAAAAAAAAAAAAAAAAAAAAAAAAAAAAAAAAAAAAAAAAAAAAAAAAAAAAAAAAAAAAAAAAAAAAAAAAAAAAAAAAAAAAAAAAAAAAAAAAAAAAAAAAAAAAAAAAAAAAAAAAAAAAAAAAAAAAAAAAAAAAAAAAAAAAAAAAAAAAAAAAAAAAAAAAAAAAAAAAAAAAAAAAAAAAAAAAAAAAAAAAAAAAAAAAAAAAAAAAAAAAAAAAAAAAAAAAAAAA',
        '2022-09-10 12:16:50'),
       (3, 'Думаю что написать...', '', '2022-09-28 11:54:02'),
       (4, 'БЛИН ПАРНИ, ЭТО НЕВЕРОЯТНО КРАСИBЫЙ ПЕЙЗАЖ!!!', '', '2022-09-28 11:57:40'),
       (5, 'АААААААААААААААААААААААААААААААААААААААААААА!',
        'Этот крик не из-за страха, а от удовольствия! Как же круто!', '2022-09-28 12:07:49'),
       (6, 'Добрый вечер', '', '2022-09-28 12:17:08'),
       (7, 'Переменные в php',
        'Переменные хранят отдельные значения, которые можно использовать в выражениях PHP. Для определения переменных применяется знак доллара $. Например:\r\n\r\n$num;\r\n\r\nЗдесь определена переменная $num. Поскольку определение переменной - это отдельная инструкция, она завершается точкой с запятой.\r\nКак правило, названия переменный начинаются с маленькой буквы или символа подчеркивания. Стоит учитывать, что PHP является регистрозависимым языком, а значит, переменные $num и $Num будут представлять две разные переменные.\r\nТакже при наименовании переменных нам надо учитывать следующие правила:\r\nИмена переменных должны начинаться с алфавитного символа или с подчеркивания\r\nИмена переменных могут содержать только символы: a–z, A–Z, 0–9, и знак подчеркивания\r\nИмена переменных не должны включать в себя пробелы\r\nС помощью операции присвоения (=) переменной присваивается определенное значение:\r\n\r\n$num = 10;\r\n\r\nЗдесь определена переменная $num, которая хранит число 10.',
        '2022-09-28 12:19:07'),
       (8, 'Пример MYSQL кода.',
        'INSERT INTO `post` (`Id`, `Title`, `Text`, `PublicationDataTime`, `IsEdited`) VALUES (NULL, \'Сегодня день буква \\\"A\\\"!\', \'AAA\', \'2022-09-10 17:16:50.000000\', \'0\');', '2022-09-28 12:21:09'),
       (9, 'Сядь, погреемся...', '', '2022-09-28 12:23:40'),
       (10, 'Сатир-душекрад', '', '2022-09-28 12:27:44'),
       (11, 'Сегодня я расскажу вам про тег <form></form>',
         'Тег <form> устанавливает форму на веб-странице. Форма предназначена для обмена данными между пользователем и сервером. Область применения форм не ограничена отправкой данных на сервер, с помощью клиентских скриптов можно получить доступ к любому элементу формы, изменять его и применять по своему усмотрению.\r\n\r\nДокумент может содержать любое количество форм, но одновременно на сервер может быть отправлена только одна форма. По этой причине данные форм должны быть независимы друг от друга.\r\n\r\nДля отправки формы на сервер используется кнопка Submit, того же можно добиться, если нажать клавишу Enter в пределах формы. Если кнопка Submit отсутствует в форме, клавиша Enter имитирует ее использование.\r\n\r\nКогда форма отправляется на сервер, управление данными передается программе, заданной атрибутом action тега <form>. Предварительно браузер подготавливает информацию в виде пары «имя=значение», где имя определяется атрибутом name тега <input>, а значение введено пользователем или установлено в поле формы по умолчанию. Если для отправки данных используется метод GET, то адресная строка может принимать следующий вид.\r\n\r\nhttp://www.htmlbook.ru/cgi-bin/handler.cgi?nick=%C2%E0%ED%FF+%D8%E0%EF%EE%F7%EA%E8%ED&page=5\r\n\r\nПараметры перечисляются после вопросительного знака, указанного после адреса CGI-программы и разделяются между собой символом амперсанда (&). Нелатинские символы преобразуются в шестнадцатеричное представление (в форме %HH, где HH — шестнадцатеричный код для значения ASCII-символа), пробел заменяется на плюс (+).\r\n\r\nДопускается внутрь контейнера <form> помещать другие теги, при этом сама форма никак не отображается на веб-странице, видны только ее элементы и результаты вложенных тегов.',
         '2022-09-28 12:30:53'),
       (12, 'Алексей. Кто это?',
         'Алексе́й (ɐlʲɪkˈsʲej) — мужское русское личное имя греческого происхождения. Восходит к др.-греч. Ἀλέξιος, образованного от др.-греч. ἀλέξω — «защищать», «отражать», «предотвращать».\r\n\r\nИмя является одним из древнейших письменно засвидетельствованных греческих имён (a-re-ke-se-u в табличках Линейного письма Б KN Df 1229 и MY Fu 718).\r\n\r\nЦерковная форма имени и форма имени до 1708 года — Алеѯі́й (Алекси́й). Форма имени от введения Гражданского шрифта в 1708 году до Реформы русской орфографии 1918 года — Алексѣй.\r\n\r\nОсобенную популярность приобрело в России после крещения этим именем сына Михаила Федоровича Романова, Алексея Михайловича.',
         '2022-09-28 12:34:24'),
       (13, 'Реферат: 1% оригинальности',
         'Введение\r\n\r\nДля начала, чтобы углубиться в историю создания систем радиотехнической разведки, стоит понимать: что же такое радиотехническая разведка?\r\nРадиотехническая разведка - вид разведывательной деятельности, целью которого имеется сбор и обработка информации, получаемой путём перехвата каналов связи между радиоэлектронными средствами, а также РЛС (радиолокационных сигналов) и других устройств.\r\nРадиотехническая разведка имеет свои объекты для изучения. Это вражеский вооруженный потенциал: контрольные пункты, склады, тыловые подразделения, штабы и т. д. Такая разведка с ними не контактирует, а задействует радиоэлектронные средства (РЭС). Они вместе с радиосвязью являются источниками получения информации.\r\nДля добычи необходимой информации радиотехническая разведка использует такие приемы, как: обнаружение, перехват, выявление местонахождения. \r\nАктивные средства радиосвязи и локации вычисляются с помощью пеленгования. В основе функционирования радиотехнической разведки лежат следующие закономерности: \r\n•	Неизбежность интенсивного использования радиосвязи и локации для контроля над всеми типами вооружения и войсками врага. \r\n•	Потенциальный прием излучений РЭС специальной техникой, сосредоточенной в зоне, свободной от противника. \r\n•	Зависимость конфигурационных и режимных метаморфоз в радиоэлектронной технологии от кондиций и действий вражеских войск. \r\n•	Наличие признаков РЭС для вычисления их статуса и принадлежности к управляющей системе.\r\n \r\nРадиотехническая разведка имеет следующие преимущества: \r\n•	Осуществление своих функций в любых условиях. При этом не имеет значения погода, сезон, время суток. \r\n•	Скрытность. Ведение работы на солидную глубину. \r\n•	Существенная дистанция от РЭС противника и рубежа боевого контакта войск. \r\n•	Высокая скорость получения информации. \r\nСлабые стороны радиотехнической разведки: \r\n•	Зависимость от интенсивности применения РЭС противником. \r\n•	Воздействие электромагнитной активности на качестве разведки. \r\n•	Потенциальное получение ложных сведений противника. Для этого его станции дают фальшивые сигналы.\r\n\r\nО методах и приемах радиотехнической разведки\r\n\r\nЛюбая эффективная станция радиотехнической разведки должна отвечать следующим требованиям: \r\n•	Постоянное действие. Разведка должна идти непрерывно и охватывать диапазон изучаемых частот противника. Также получаемые сведения должны обрабатываться без остановок. \r\n•	Активность. Все специалисты, операторы смен, а также их начальство должны всеми методами получать требующуюся информацию. \r\n•	Целеустремленность. Все ключевые мероприятия должны сосредоточиться на выполнении основной задачи. \r\n•	Своевременность. Вся данные должны добываться к определенному времени. \r\n•	Достоверность сведений. Этот критерий касается объективности получаемых данных о численности, планах и маневрах противника. Проводится их тщательный анализ. Изучается радиоэлектронная ситуация. \r\n•	Точность вычисления позиции объектов. Ее позволяет достигать высокая квалификация сотрудников разведки, подключение новаторских методик и аппаратуры.\r\n \r\nСистемы радиотехнической разведки работают в определенном алгоритме. Его образуют 4 этапа: \r\n1.	Получение данных. Они извлекаются из излучений РЭС и диапазонов объектов. Здесь активно работают средства радиотехнической разведки. Они формируют энергетическую связь с источником излучаемых сигналов. \r\n2.	Характеристика излучения. Это совокупность его свойств и значений, полученных благодаря средствам разведки. Данные подлежат обработке. А то, что содержит излучение, является сведениями, полученными в процессе преобразования сигналов. \r\n3.	Сбор сведений. Он организуется командованием. Отбираются полученные материалы, подготавливаются и конвертируются в форматы, удобные для применения. Цель этапа – вовремя передать точные данные в пункт обработки. Порядок и тип работ, и материалов определяет командование. Процессы контролируются специальной документацией. \r\n4.	Обработка. Здесь полученные сведения описываются на основе решаемых задач. Процесс начинается с получения информации, а завершается ее подготовкой к распределению. Здесь решается, куда она последует, то есть ее потребители. Это может быть локальное начальство или вышестоящие военные органы. Форматы и сроки передачи сведений, и списки потребителей отражены в указаниях командования. Также они регулируются соответствующей документацией.\r\n\r\nО поиске\r\nЭто одна из двух основных методик ведения подобной разведки (наряду с наблюдением). Здесь оперативно исследуется зона частотного диапазона и направлений. А главная цель – вычислить излучения вражеских объектов. Поиск осуществляется по: \r\n•	По частотам. Вычисляет диапазон, обнаруживает все активные РЭС противника, выявляет их ценность. \r\n•	Характерным признакам. Действует, когда они известны. Вычисление источников идет по целому диапазону, на его обособленных спектрах, либо на конкретных частотах. Для идентификации источника применяются продолжительность работы, позывные и прочие признаки. \r\n•	Направлению. Антенна ставится так, чтобы можно было принимать излучения РЭС. Для этого проверяют перемещается она или станция. \r\nО наблюдении\r\nЕсть три категории наблюдения: \r\n•	Сплошное. Источники контролируются без пауз и перехватываются все их излучения. Как правило, это 1-2 частоты на один пункт. \r\n•	Периодическое. Контролируются участки нахождения РЭС и частично перехватывается их работа в тот момент, когда сигналы содержат данные, требующие реализации задач разведки. Норматив на один пункт составляет 3-4 частоты. \r\n•	Контрольное. Его объект – это РЭС с непостоянной ценностью данных. В определенной ситуации эти средства не являются ключевыми источниками. Здесь нет необходимости в продолжительном перехвате радиопередач. Основная задача – контролировать РЭС. Норматив для одного поста: 8-9 частот. \r\n\r\nПризнаки: понятие и природа\r\nИзлучение радиосигналов - под этим термином понимаются показатели излучений, измеряемые при изучении. И их совокупность – это признаковое описание РЭС. Количество и зарождение признаков определяют два фактора: \r\n1.	Физическая база. Проявление признаков всегда происходит, когда работают излучающие РЭС. Их можно задействовать и изучать для обнаружения этих средств. Сигналы могут маскироваться, что существенно усложняет их исследование. Здесь фигурируют два метода: \r\n•	Первый унифицирует показатели сигналов. Это приводит к приведению многих значений РЭС к идентичности и необходимости делать их устойчивыми во времени. \r\n•	Второй специально изменяет показатели сигналов в определенных границах и по случайному принципу. От этого не страдает эффективность РЭС. Однако такие сигналы крайне сложно распознать. \r\n\r\n2.	Организационные действия, проводимые разведывательными службами и их руководством. Эта работа порождает признаки, помогающие определять состав и кондиции сил, управленческую иерархию и характер рабочих задач. Здесь также фигурирует пара методов: \r\n•	Первый мощно шифрует идущие сообщения. Поэтому содержание передач очень долго не достигается разведкой. \r\n•	Второй маскирует деятельность РЭС и создает фиктивные данные. \r\n\r\nКлассификация признаков\r\nЗдесь в основе лежат два важных аспекта: \r\n•	Многие признаки делятся на подгруппы, обуславливающие их информационное взаимодействие. Подразумеваются характерные черты технологий и РЭС, а также работы разведывательных объектов. \r\n•	Характер добываемых сведений. Здесь подразумеваются признаки численности, кондиций, расположения частей, постов, а также характер работы разведки. \r\nТакже выделяются такие классы признаков: \r\n•	Групповые. Благодаря им выделяются виды и классификации объектов. \r\n•	Персональные. Выявляются отдельные источники, аппараты РЭС и т. п. \r\n•	Опережающие. Признаки следуют впереди событий, которые им соответствуют. \r\n•	Синхронные. Они идентичны по времени. \r\n•	Запаздывающие. Сначала идет событие, потом появляется признак. \r\nВажные характеристики для любой категории признаков – это стабильность и информативность. Первая обуславливает их проявление в ходе разведки. Вторая характеризует их вклад в достижении целей разведки. По этому критерию признаки являются разделяющими: \r\n•	Частично. Они неоднозначно разъясняют событие, соответствующее им. \r\n•	Полностью. Приводят объективную и точную трактовку события.\r\n \r\nИстория систем радиотехнической разведки\r\n\r\nВпервые радиоперехват был использован еще в Первой мировой войне и впоследствии оправдал самые смелые ожидания спецслужб. В 1941 году за час до нападения японской авиации на американский флот близ Пирл-Харбора радиолокационный пост США засек на экране радиолокатора группу самолетов. (Правда, специалисты приняли их за свои бомбардировщики.)\r\n\r\n•	1971 год - принятие на вооружение подсистемы обзорного радиотехнического наблюдения «Целина-О» системы радио и радиотехнической разведки «Целина».\r\n•	1971 год - принятие на вооружение подсистемы радиотехнического наблюдения УС-П системы МКРЦ\r\n•	1976 год - принятие на вооружение подсистемы детального радиотехнического наблюдения «Целина-Д» системы радио и радиотехнической разведки «Целина».\r\n•	1982 год - в Советском Союзе запущен спутник радиотехнической разведки «Космос-1408».\r\n•	1986 год - в Советском Союзе запущены навигационные спутники системы ГЛОНАСС «Космос-1778-1780».\r\n•	1987 год - в Советском Союзе запущены навигационные спутники системы ГЛОНАСС «Космос-1883-1885».\r\n•	1988 год - в Советском Союзе запущены навигационные спутники системы ГЛОНАСС «Космос-1970-1972».\r\n•	1992 год - в России запущен спутник радиотехнической разведки «Космос-2227».\r\n•	1992 год - в России запущен спутник радиотехнической разведки «Космос-2228».\r\n•	1993 год - в России запущен спутник радиотехнической разведки «Космос-2263».\r\n•	1994 год - в России запущен спутник радиотехнической разведки «Космос-2297».\r\n \r\nВ 1960-х годах ВВС США запустили несколько спутников, предназначенных для сбора информации об электронных сигналах, излучаемых с территории бывшего Советского Союза. Эти спутники, летавшие на низких околоземных орбитах, делились на две категории:\r\n•	аппараты радиотехнической разведки, т.е. малые спутники, запускаемые обычно вместе со спутниками фоторазведки и предназначенные для сбора данных об излучениях радиолокационных станций;\r\n•	крупные спутники электронной стратегической разведки «Элинтс», предназначавшиеся в основном для сбора данных о работе средств связи.\r\n\r\nСпутники «Кэньон», нацеленные на прослушивание советских систем связи, начали эксплуатироваться в 1968. Они выводились на орбиты, близкие к геостационарной. В конце 1970-х годов они были постепенно заменены спутниками «Чейлет» и затем «Вортекс». Спутники «Райолит» и «Аквакейд» работали на геостационарной орбите и предназначались для отслеживания данных телеметрии советских баллистических ракет. Эксплуатация этих спутников началась в 1970-х годах, а в 1980-х они были заменены спутниками «Магнум» и «Орион», запускавшимися с многоразового транспортного космического корабля «ШАТТЛ».\r\nПо третьей программе, названной «Джампсит», спутники запускались на сильно вытянутые и сильно наклоненные орбиты, обеспечивавшие им длительное нахождение над северными широтами, где действовала значительная часть советского флота. В 1994 все три программы были завершены, уступив место новым и гораздо более крупным спутникам.\r\nСпутники радиотехнической стратегической разведки относятся к числу наиболее секретных систем военного ведомства. Собранные ими разведданные анализируются Агентством национальной безопасности (АНБ), которое использует мощные суперкомпьютеры для расшифровки информации, передаваемой по линиям связи, и данных телеметрии ракет. Спутники, о которых идет речь, достигали в размахе 100 м, и в 1990-х годах их чувствительность позволяла принимать на геостационарной орбите передачи портативных раций типа «уоки-токи».\r\nВ дополнение к этим системам ВМС США в середине 1970-х годов начали вводить в действие систему «Уайт Клауд», представлявшую собой серию небольших спутников, предназначенных для приема излучения средств связи и радиолокационных станций советских военных кораблей.\r\nСовременное состояние радиотехнической разведки\r\n\r\nСамолет-разведчик RC-135V/W «Риверт Джойнт», находящийся в боевом составе ВВС США с конца 70-х годов, является основным самолетом радио- и радиотехнической разведки источников излучения наземного, морского и воздушного базирования в сантиметровом, дециметровом и метровом диапазонах волн. Он используется для борьбы с авиацией и системой ПВО противника.\r\nRC-135V/W обеспечивает разведку всех средств ПВО противника (включая истребители-перехватчики ЗРК), а так же сетей радиосвязи его авиации и бортовых радиоэлектронных средств...\r\nТрехкоординатный комплекс радиотехнической разведки 85В6-А «ВЕГА», представленный на Фарнборо-98, предназначен для работы в частях и подразделениях РЭБ, ПВО и других родов войск, может использоваться в системах раннего оповещения, управления воздушным движением, контроля радиоэлектронной обстановки и выявления источников помех.\r\nКомплекс «ВЕГА» обнаруживает, распознает и траекторно сопровождает до 100 наземных, морских и воздушных объектов по излучениям их собственных радиоэлектронных средств.\r\n«Вега» в стандартной конфигурации состоит из трех станций обнаружения, пеленгации и анализа СОПА «ОРИОН» и пункта управления ПУ 85В6-А.\r\nПеленговая и параметрическая информация по каналам передачи данных со станций «ОРИОН» подается на пункт управления, где триангуляционным методом определяется местоположение и строятся траектории движения объектов, которые отображаются на электронной карте контролируемого района.\r\nЛожные траектории исключаются программно, путем параметрического отождествления пеленгов объектов. Предусматривается периодический контроль функционирования станции и документирование результатов.\r\n\r\nМобильная автоматическая станция «ОРИОН» обнаруживает, пеленгует, распознает и классифицирует наземные, морские и воздушные объекты по излучениям их собственных радиоэлектронных средств.\r\nСтанция «ОРИОН» характеризуется высоким быстродействием. Это достигается за счет использования моноимпульсных методов пеленгации, широкополосного акустоэлектронного (компрессионного) Фурье-процессора в канале обработки сигналов. Высокие чувствительность и уровень автоматизации позволяют осуществить перехват кратковременных излучений, сигналов со сложной частотно-временной структурой и помеховых сигналов.\r\nПо измеренному вектору параметров сигналов, путем сравнения с базой данных, производятся распознавание источников излучения и классификация их носителей. В основном режиме станция осуществляет пеленгацию источников излучения и измерение вектора параметров сигналов в процессе кругового обзора пространства.\r\nАмериканские спутники РТР “VORTEX” успешно дожили до наших дней, контролируя эфир и во время «Бури в пустыне», и в ближневосточном конфликте.\r\nТакже, сейчас ближневосточный конфликт отслеживают несколько спутников радиотехнической разведки типа Trumpet. В отличие от “VORTEX”, эти спутники летают на низкой высоте (около 600 км.) и фиксируют плотность радиопереговоров в зоне конфликта. Изначально они разрабатывались для контроля систем противоракетного предупреждения СССР. Когда специалисты АНБ выяснили, что сотовые телефоны работают в том же частотном диапазоне, что и радары систем противоракетного предупреждения, спутники были соответствующим образом модернизированы и теперь контролируют плотность и частоту переговоров по мобильной связи. Однако морально все это оборудование давно устарело, и эти спутники могут только фиксировать количество переговоров, но не прослушивать их.\r\nВ 1998 году Национальное бюро аэрофотосъемки США представило в Комитет вооруженных сил Сената США новую концепцию развития спутников радиоперехвата. Ее назвали «Объединенное видение 2010» (Joint Vision 2010). Сейчас по этой программе создается единая система спутникового радиоперехвата IOSA. А также новая технология анализа перехваченной информации IOSA-2.\r\nЕе цель - выйти на качественно иной уровень радиоперехвата, который позволит прослушивать переговоры по мобильным телефонам, пейджинговые сообщения, радиотелефоны и т.п. Исполнителем заказа стала компания «Боинг». По некоторым данным, новый спутник, разработанный в рамках программы, получил название “INTRUDER”.\r\n \r\nЗаключение\r\n\r\nИспользование средств РТР в военной сфере позволяет, в сочетании с другими методами разведки, получать более полную картину размещения вооружений на территориях, принадлежащих противнику, а также вести контроль за активностью, которая может угрожать национальной безопасности.\r\n \r\nИсточники\r\n\r\n•	https://fb.ru/article/458798/radiotehnicheskaya-razvedka-istoriya-sozdaniya-sostav-struktura-i-tehnicheskoe-osnaschenie?ysclid=l8bea6lbt9635519598\r\n•	https://otherreferats.allbest.ru/war/00087285_0.html?ysclid=l8bd6qq7tv760072314\r\n•	https://kazedu.com/referat/49593/4\r\n•	https://militaryarticle.ru/nauka-i-voennaya-bezopasnost/2008/12111-sostojanie-i-perspektivy-razvitija?ysclid=l8bfysirow358742044\r\n',
         '2022-09-28 12:48:37'),
       (14, 'Моя аватарка!', '', '2022-09-29 09:09:17'),
       (15, 'Это я, когда получил зарплату!', '', '2022-09-29 09:12:58');

INSERT INTO `post_has_image` (`Post`, `Image`)
VALUES (14, 1),
       (4, 8),
       (5, 9),
       (6, 10),
       (7, 11),
       (9, 12),
       (10, 13),
       (11, 14),
       (13, 15),
       (15, 16);